id,name,family,style,alc_vol,bitter,ounces
1965,Sky-Five,Pale Ale,American IPA,0.067,70,12
162,Paddy Pale Ale,Pale Ale,American Pale Ale (APA),0.055999999999999994,41,12
1630,Night Cat (2014),Other Ales,American Dark Wheat Ale,0.057999999999999996,43,12
2432,White Reaper,Pale Ale,Belgian IPA,0.07,61,16
632,House Brand IPA,Pale Ale,American IPA,0.06,55,12
1360,Screaming Eagle Special Ale ESB,Stout & Bitter,Extra Special / Strong Bitter (ESB),0.048,38,12
2346,Sinister Minister Black IPA,Pale Ale,American IPA,0.077,65,16
1799,Are Wheat There Yet?,Other Ales,American Pale Wheat Ale,0.055,28,12
2056,Black Me Stout,Stout & Bitter,American Stout,0.06,45,12
55,Sunlight Cream Ale,Other Ales,Cream Ale,0.053,20,16
773,Blueberry Blonde Ale,Other Ales,American Blonde Ale,0.05,12,12
797,Brew Free! or Die IPA (2008),Pale Ale,American IPA,0.07,70,12
2051,Bravo Four Point,Pale Ale,American Pale Ale (APA),0.044000000000000004,45,12
772,Point Nude Beach Summer Wheat (2011),Other Ales,American Pale Wheat Ale,0.05,7,12
1603,Good Vibes IPA,Pale Ale,American IPA,0.073,85,12
1481,51K IPA,Pale Ale,American IPA,0.07,51,12
2425,Brass Knuckle Pale Ale,Pale Ale,American Pale Ale (APA),0.057,36,12
2415,Unchained #18 Hop Silo,Pale Ale,American Double / Imperial IPA,0.083,100,16
1484,Summer Paradise,Other Ales,American Pale Wheat Ale,0.05,18,12
2144,Robert Earl Keen Honey Pils,Lager & Pilsener,American Pilsner,0.05,17,12
11,Monk's Blood,Other Ales,Belgian Dark Ale,0.083,35,12
2317,Fivepine Chocolate Porter,Stout & Bitter,American Porter,0.062,40,12
1029,Wachusett Light IPA (2013),Pale Ale,American IPA,0.04,37,12
2503,Hop A-Peel,Pale Ale,American Double / Imperial IPA,0.075,115,16
1847,Colorado Red Ale,Other Ales,American Amber / Red Ale,0.066,44,12
1648,Lucky Day IPA,Pale Ale,American IPA,0.07200000000000001,85,16
1594,Maylani's Coconut Stout,Stout & Bitter,American Stout,0.053,35,16
1929,Second Fiddle,Pale Ale,American Double / Imperial IPA,0.08199999999999999,80,16
496,Hilliard's Saison,Other Ales,Saison / Farmhouse Ale,0.066,30,16
498,Double D Blonde (2011),Other Ales,American Blonde Ale,0.049,20,12
173,Back in Black,Other Ales,American Black Ale,0.068,65,12
1562,Grandma's Pecan,Other Ales,English Brown Ale,0.069,34,16
2083,Bourbon Barrel Batch 666: Sympathy for the Devil,Other Ales,Belgian Dark Ale,0.099,36,16
1971,Texas Pale Ale (TPA),Pale Ale,American IPA,0.055,40,16
615,Frosted Fields Winter Wheat,Other Ales,American Dark Wheat Ale,0.06,25,16
182,Stowaway IPA,Pale Ale,American IPA,0.069,69,12
1926,Long Trail IPA,Pale Ale,English India Pale Ale (IPA),0.059000000000000004,42,12
2407,Rule G IPA,Pale Ale,American IPA,0.07,88,12
1067,Disconnected Red,Other Ales,American Amber / Red Ale,0.067,85,16
1351,Grazias,Other Ales,Cream Ale,0.063,30,16
1725,Hopped on the High Seas (Calypso),Pale Ale,American IPA,0.07,60,12
2239,Torpedo,Pale Ale,American IPA,0.07200000000000001,65,12
1247,Ray Ray’s Pale Ale,Pale Ale,American Pale Ale (APA),0.052000000000000005,42,12
1240,Stump Knocker Pale Ale,Pale Ale,American Pale Ale (APA),0.055999999999999994,35,12
1656,Wee Muckle,Other Ales,Scotch Ale / Wee Heavy,0.09,30,16
2228,Point Special,Lager & Pilsener,American Adjunct Lager,0.047,9,12
847,Old Tom Porter,Stout & Bitter,American Porter,0.055,25,16
2549,Make It So,Stout & Bitter,Extra Special / Strong Bitter (ESB),0.053,40,12
1571,Slow Hand Stout,Stout & Bitter,American Stout,0.052000000000000005,29,16
2398,Nonstop Hef Hop,Other Ales,American Pale Wheat Ale,0.039,20,16
2216,Copperhead Amber,Other Ales,Belgian Dark Ale,0.052000000000000005,18,16
1890,Lucky Buck,Stout & Bitter,Irish Dry Stout,0.04,34,16
2205,Mountain Rescue Pale Ale,Pale Ale,American Pale Ale (APA),0.055,40,12
517,40th Annual Bix Street Fest Copper Ale (Current),Other Ales,American Amber / Red Ale,0.048,25,16
1492,Blazing World,Other Ales,American Amber / Red Ale,0.065,115,16
440,Great Crescent Dark Lager,Lager & Pilsener,Euro Dark Lager,0.057,23,16
889,Hilliard's Pils,Lager & Pilsener,Czech Pilsener,0.055,34,16
2066,Fisherman's IPA,Pale Ale,American IPA,0.055,64,12
78,Boont Amber Ale (2011),Other Ales,American Amber / Red Ale,0.057999999999999996,15,12
1239,Midnight Oil,Stout & Bitter,Oatmeal Stout,0.05,38,12
792,Caldera IPA (2007),Pale Ale,American IPA,0.061,94,12
34,Moose Drool Brown Ale (2009),Other Ales,American Brown Ale,0.051,26,12
636,Ryeteous Rye IPA (2012),Pale Ale,American IPA,0.07,100,16
1615,The 12th Can™,Pale Ale,American Pale Ale (APA),0.045,32,16
1675,Madra Allta,Pale Ale,American IPA,0.064,95,12
2164,Cowbell,Stout & Bitter,American Porter,0.054000000000000006,23,16
1315,Upslope Imperial India Pale Ale,Pale Ale,American Double / Imperial IPA,0.099,90,19.2
730,California Sunshine Rye IPA,Pale Ale,American IPA,0.071,85,16
2198,Goose Island India Pale Ale,Pale Ale,American IPA,0.059000000000000004,55,12
583,Long Hammer IPA,Pale Ale,American IPA,0.065,44,12
285,Devil’s Ale (2010),Pale Ale,American Pale Ale (APA),0.055,45,12
16,Bender,Other Ales,American Brown Ale,0.051,45,16
2352,Extra Pale Ale,Pale Ale,American Pale Ale (APA),0.053,49,12
2505,Abbey's Single (2015- ),Other Ales,Abbey Single Ale,0.049,22,12
1455,Sudice American Stout,Stout & Bitter,American Stout,0.07,58,16
1979,Bitter Bitch,Pale Ale,American Pale Ale (APA),0.061,60,12
533,Amber Road,Other Ales,American Amber / Red Ale,0.055,35,12
2305,Homefront IPA,Pale Ale,American IPA,0.06,70,12
1905,Sierra Nevada Pale Ale,Pale Ale,American Pale Ale (APA),0.055999999999999994,37,16
1629,Rebel IPA,Pale Ale,American IPA,0.065,45,16
1646,Catch 23,Other Ales,American Black Ale,0.075,77,16
1159,Mother Ale,Other Ales,American Blonde Ale,0.055999999999999994,46,12
2682,Rules are Rules,Lager & Pilsener,German Pilsener,0.05,25,16
213,Wee Mac Scottish-Style Ale,Other Ales,Scottish Ale,0.054000000000000006,23,16
2312,Camelback,Pale Ale,American IPA,0.061,60,12
1493,Black House,Stout & Bitter,American Stout,0.057999999999999996,40,16
1692,Hopped on the High Seas (Ahtanum),Pale Ale,American IPA,0.07,60,12
2310,PUNK'N,Other Ales,Pumpkin Ale,0.05,10,12
759,Double Haul IPA (2009),Pale Ale,American IPA,0.065,65,16
1309,Face Plant IPA,Pale Ale,American IPA,0.062,65,12
2025,Vertex IPA,Pale Ale,American IPA,0.063,76,12
1291,Narragansett Bohemian Pilsner,Lager & Pilsener,German Pilsener,0.086,35,16
424,Sweet Action (2011),Other Ales,Cream Ale,0.052000000000000005,34,16
1463,Hideout Helles,Lager & Pilsener,Munich Helles Lager,0.069,17,12
1078,Schlafly IPA,Pale Ale,American IPA,0.045,30,12
1328,Deviant Dale's IPA,Pale Ale,American Double / Imperial IPA,0.08,85,16
693,Flying Jenny Extra Pale Ale (2012),Pale Ale,American Pale Ale (APA),0.06,54,12
1723,Hop Nosh IPA,Pale Ale,American IPA,0.073,83,12
1058,33 Select Brown Ale,Other Ales,American Brown Ale,0.065,26,16
729,Midnight Ryder,Other Ales,American Black Ale,0.065,80,12
432,Hop Crisis,Pale Ale,American Double / Imperial IPA,0.09699999999999999,94,12
1295,Summerfest,Lager & Pilsener,Czech Pilsener,0.05,28,12
1506,Miami Vice IPA,Pale Ale,American IPA,0.071,62,12
2302,Pinner Throwback IPA,Pale Ale,American IPA,0.049,35,12
637,Monkeynaut IPA,Pale Ale,American IPA,0.07200000000000001,70,12
1519,Saison 88,Other Ales,Saison / Farmhouse Ale,0.055,30,12
159,Scape Goat Pale Ale (2010),Pale Ale,English Pale Ale,0.05,40,12
2635,Sparkle,Lager & Pilsener,American Pale Lager,0.040999999999999995,12,16
601,Winter Games Select #32 Stout,Stout & Bitter,American Stout,0.057,26,16
2231,American Light,Lager & Pilsener,Light Lager,0.032,13,12
2426,Clean Shave IPA,Pale Ale,American IPA,0.067,70,12
972,Rude Parrot IPA,Pale Ale,American IPA,0.059000000000000004,75,16
584,Wee Muckle (2011),Other Ales,Scotch Ale / Wee Heavy,0.09,30,16
663,TailGate IPA,Pale Ale,American IPA,0.05,44,24
2664,Habitus,Pale Ale,American Double / Imperial IPA,0.08,100,16
781,Choc Beer (2003),Other Ales,American Dark Wheat Ale,0.04,9,12
971,Phat Chance,Other Ales,American Blonde Ale,0.052000000000000005,27,12
2235,Day Hike Session,Pale Ale,American IPA,0.040999999999999995,41,12
948,Circuit Bohemian Pilsner,Lager & Pilsener,Czech Pilsener,0.045,35,16
1444,Dale's Pale Ale,Pale Ale,American Pale Ale (APA),0.065,65,12
1354,541 American Lager,Lager & Pilsener,American Pale Lager,0.048,13,12
465,Sympathy for the Lager,Lager & Pilsener,American Amber / Red Lager,0.049,45,12
602,Boji Blue Pale Ale,Pale Ale,American Pale Ale (APA),0.05,45,16
2080,8 Barrel,Other Ales,American Strong Ale,0.08,69,16
308,Good People American Brown Ale,Other Ales,American Brown Ale,0.057999999999999996,36,12
1670,Manzanita Pale Ale,Pale Ale,American Pale Ale (APA),0.066,44,12
1608,Global Warmer,Other Ales,American Strong Ale,0.07,70,12
1348,KelSo Pilsner,Lager & Pilsener,Czech Pilsener,0.055,23,12
1325,Big Rod Coconut Ale,Other Ales,American Blonde Ale,0.053,16,12
2392,Nonstop Hef Hop,Other Ales,American Pale Wheat Ale,0.039,20,16
559,Jon Boat Coastal Ale,Other Ales,American Blonde Ale,0.045,20,12
882,1881 California Red Ale,Other Ales,American Amber / Red Ale,0.055999999999999994,35,16
1195,Wild Wolf American Pilsner,Lager & Pilsener,American Pilsner,0.045,25,12
564,Ranger IPA,Pale Ale,American IPA,0.065,70,16
816,Point Nude Beach Summer Wheat,Other Ales,American Pale Wheat Ale,0.05,7,12
2203,Sunshine Pils,Lager & Pilsener,American Pilsner,0.045,45,12
828,Dale's Pale Ale (2012),Pale Ale,American Pale Ale (APA),0.065,65,12
2085,Hop Up Offa That Brett (2014),Pale Ale,Belgian Pale Ale,0.057999999999999996,20,16
2463,Union Jack,Pale Ale,American IPA,0.075,75,12
760,Cold Smoke Scotch Ale (2007),Other Ales,Scotch Ale / Wee Heavy,0.065,11,16
2320,Jack the Sipper,Stout & Bitter,Extra Special / Strong Bitter (ESB),0.053,45,12
2254,Salamander Slam,Pale Ale,American IPA,0.07,73,16
1928,Cape Cod Red,Other Ales,American Amber / Red Ale,0.055,35,16
2640,Peck's Porter,Stout & Bitter,American Porter,0.065,35,16
1200,Bomber Mountain Amber Ale (2013),Other Ales,American Amber / Red Ale,0.046,20,12
2670,Hoponius Union,Lager & Pilsener,American India Pale Lager,0.067,65,12
425,The Crisp (2011),Lager & Pilsener,German Pilsener,0.054000000000000006,42,16
421,Mustang Golden Ale,Other Ales,American Blonde Ale,0.053,10,12
1647,Terrace Hill Double IPA,Pale Ale,American Double / Imperial IPA,0.095,99,16
1619,Hop Slayer Double IPA,Pale Ale,American Double / Imperial IPA,0.08199999999999999,100,12
2105,Even Keel,Pale Ale,American IPA,0.038,40,12
2270,Point Cascade Pale Ale (2013),Pale Ale,American Pale Ale (APA),0.054000000000000006,33,12
358,Hop Knot IPA,Pale Ale,American IPA,0.067,47,12
2326,Sweet Josie,Other Ales,American Brown Ale,0.061,30,12
1987,Shift,Lager & Pilsener,American Pale Lager,0.05,29,12
1825,Squatters Hop Rising Double IPA,Pale Ale,American Double / Imperial IPA,0.09,75,12
519,SoDo Brown Ale,Other Ales,American Brown Ale,0.054000000000000006,20,12
1176,Redacted Rye IPA,Pale Ale,American IPA,0.07,100,16
2687,Parapet ESB,Stout & Bitter,Extra Special / Strong Bitter (ESB),0.055999999999999994,47,16
1442,F5 IPA,Pale Ale,American IPA,0.068,100,16
665,Toasted Lager,Lager & Pilsener,Vienna Lager,0.055,28,12
837,Desolation IPA,Pale Ale,American IPA,0.062,43,16
1834,One Nut Brown,Other Ales,American Brown Ale,0.047,28,12
904,Ex Umbris Rye Imperial Stout,Stout & Bitter,American Double / Imperial Stout,0.099,85,16
1469,Tiny Bomb,Lager & Pilsener,American Pilsner,0.045,23,12
758,Double Haul IPA (2006),Pale Ale,American IPA,0.065,65,16
659,Crabtree Oatmeal Stout,Stout & Bitter,Oatmeal Stout,0.075,29,16
90,Third Eye Pale Ale,Pale Ale,American IPA,0.065,65,12
947,Twister Creek India Pale Ale,Pale Ale,American IPA,0.065,71,12
2167,Evil Owl,Other Ales,American Amber / Red Ale,0.052000000000000005,40,12
1857,Supergoose IPA,Pale Ale,American IPA,0.069,67,12
2125,1836,Other Ales,American Blonde Ale,0.06,40,12
2390,Nonstop Hef Hop,Other Ales,American Pale Wheat Ale,0.039,20,16
2075,Cedar Point,Other Ales,American Amber / Red Ale,0.05,26,12
1085,Rise-Up Red (2014),Other Ales,American Amber / Red Ale,0.057999999999999996,60,16
1962,Sensi Harvest,Pale Ale,American Pale Ale (APA),0.047,50,12
1326,Boont Amber Ale,Other Ales,American Amber / Red Ale,0.057999999999999996,15,12
857,Interurban IPA,Pale Ale,American IPA,0.065,80,12
853,PRO-AM (2012) (2012),Pale Ale,American Double / Imperial IPA,0.099,100,12
952,Shift (1),Lager & Pilsener,American Pale Lager,0.05,29,12
544,Old Elephant Foot IPA,Pale Ale,American IPA,0.07,80,16
1396,Laughing Dog IPA,Pale Ale,American IPA,0.064,66,12
1805,Rodeo Rye Pale Ale,Pale Ale,American Pale Ale (APA),0.042,35,12
2596,Heavy Lifting,Pale Ale,American IPA,0.062,80,12
1532,Ten Fidy,Stout & Bitter,Russian Imperial Stout,0.099,98,12
1557,Weekend Warrior Pale Ale,Pale Ale,American Pale Ale (APA),0.055,40,12
2410,Harness the Winter,Pale Ale,American IPA,0.07200000000000001,87,12
1940,077XX,Pale Ale,American Double / Imperial IPA,0.078,80,16
1115,Shenanigans Summer Ale,Other Ales,American Pale Wheat Ale,0.046,27,12
2292,Little Sister India Style Session Ale,Pale Ale,American IPA,0.043,60,12
1912,40 Mile IPA,Pale Ale,American IPA,0.06,50,12
1993,Panther,Stout & Bitter,American Porter,0.057999999999999996,35,12
1671,Gillespie Brown Ale,Other Ales,American Brown Ale,0.095,49,12
2617,Citra Faced,Other Ales,American Pale Wheat Ale,0.055,64,16
2214,Horny Toad Cerveza,Other Ales,American Blonde Ale,0.053,25,16
190,483 Pale Ale (2010),Pale Ale,American Pale Ale (APA),0.053,48,16
1935,Zen,Pale Ale,American Pale Ale (APA),0.043,45,12
1406,Savannah Brown Ale,Other Ales,American Brown Ale,0.062,55,12
799,21st Amendment IPA (2006),Pale Ale,American IPA,0.07,70,12
2110,1916 Shore Shiver,Pale Ale,American IPA,0.069,65,12
2539,The Brown Note,Other Ales,American Brown Ale,0.05,20,16
1082,RecreationAle,Pale Ale,American Pale Ale (APA),0.047,42,12
138,Point Special Lager,Lager & Pilsener,American Adjunct Lager,0.047,9,12
140,Point Cascade Pale Ale,Pale Ale,American Pale Ale (APA),0.054000000000000006,33,12
745,Dale's Pale Ale (2008),Pale Ale,American Pale Ale (APA),0.065,65,12
754,Dale's Pale Ale (2010),Pale Ale,American Pale Ale (APA),0.065,65,12
1439,Boat Beer,Pale Ale,American IPA,0.042,35,12
1561,Double Trunk,Pale Ale,American Double / Imperial IPA,0.099,101,16
666,Rodeo Clown Double IPA,Pale Ale,American Double / Imperial IPA,0.095,85,12
2588,Cow Creek,Lager & Pilsener,American Amber / Red Lager,0.054000000000000006,26,12
741,Dale's Pale Ale (2002),Pale Ale,American Pale Ale (APA),0.065,65,12
1522,Agave Wheat,Other Ales,American Pale Wheat Ale,0.042,9,12
1832,Adam's Stout,Stout & Bitter,American Stout,0.057999999999999996,40,12
1625,Belgian Style Session Ale,Pale Ale,Belgian Pale Ale,0.045,21,12
1678,KelSo Nut Brown Lager,Lager & Pilsener,Euro Dark Lager,0.057,19,12
2189,In-Tents India Pale Lager,Lager & Pilsener,American Pale Lager,0.068,62,12
1091,Hans' Pils (2015),Lager & Pilsener,German Pilsener,0.053,52,12
2690,Wall's End,Other Ales,English Brown Ale,0.048,19,16
2471,Hopkick Dropkick,Pale Ale,American Double / Imperial IPA,0.099,115,12
107,Avery India Pale Ale,Pale Ale,American IPA,0.063,69,12
2036,Getaway,Lager & Pilsener,German Pilsener,0.052000000000000005,30,16
1177,Mutiny IPA,Pale Ale,American IPA,0.062,70,12
2104,Aprè Shred,Other Ales,American Strong Ale,0.081,17,16
1168,Farm Girl Saison,Other Ales,Saison / Farmhouse Ale,0.06,30,16
1641,Better Weather IPA,Pale Ale,American IPA,0.094,92,16
2397,Nonstop Hef Hop,Other Ales,American Pale Wheat Ale,0.039,20,16
379,Heady Topper,Pale Ale,American Double / Imperial IPA,0.08,120,16
1460,El Conquistador Extra Pale Ale,Pale Ale,American Pale Ale (APA),0.048,44,32
2251,Oak Cliff Coffee Ale,Other Ales,American Brown Ale,0.075,33,12
2403,P-Town Pilsner,Lager & Pilsener,American Pilsner,0.04,20,12
740,Hop Slayer Double IPA (2011),Pale Ale,American Double / Imperial IPA,0.08199999999999999,100,12
876,Bitter American,Pale Ale,American Pale Ale (APA),0.044000000000000004,42,12
967,Black IPA,Other Ales,American Black Ale,0.071,95,12
1255,Bad Axe Imperial IPA,Pale Ale,American Double / Imperial IPA,0.098,76,16
890,Payette Pale Ale,Pale Ale,American Pale Ale (APA),0.048,35,12
2678,Rico Sauvin,Pale Ale,American Double / Imperial IPA,0.076,68,16
917,Becky's Black Cat Porter,Stout & Bitter,American Porter,0.07,55,16
2406,Murphy's Law,Other Ales,American Amber / Red Ale,0.057999999999999996,35,12
2677,Coq de la Marche,Other Ales,Saison / Farmhouse Ale,0.051,38,16
2427,Suncaster Summer Wheat,Other Ales,American Pale Wheat Ale,0.05,28,12
804,Ten Fidy Imperial Stout (2008),Stout & Bitter,Russian Imperial Stout,0.095,98,12
1117,Devil's Harvest Extra Pale Ale,Pale Ale,American Pale Ale (APA),0.057999999999999996,60,16
2393,Nonstop Hef Hop,Other Ales,American Pale Wheat Ale,0.039,20,16
676,Halcyon Unfiltered Wheat,Other Ales,American Pale Wheat Ale,0.05,20,16
1270,Capital Trail Pale Ale,Pale Ale,American Pale Ale (APA),0.055999999999999994,55,12
1017,Ethos IPA,Pale Ale,American IPA,0.068,110,16
1662,Wet Hot American Wheat Ale,Other Ales,American Pale Wheat Ale,0.05,22,16
1792,Iron Butt Red Ale,Other Ales,American Amber / Red Ale,0.057999999999999996,39,12
585,HGH (Home Grown Hops): Part Duh,Other Ales,American Strong Ale,0.08,70,12
762,Ace IPA,Pale Ale,American IPA,0.07400000000000001,83,16
1924,Long Trail Ale,Other Ales,American Amber / Red Ale,0.046,30,12
1047,Back in the Saddle Rye Pale Ale,Pale Ale,American Pale Ale (APA),0.037000000000000005,53,12
17,Coffee Bender,Other Ales,American Brown Ale,0.051,45,16
643,Big River Pilsner,Lager & Pilsener,Czech Pilsener,0.05,32,12
1140,José Martí American Porter,Stout & Bitter,American Porter,0.08,65,12
2094,Epitome,Other Ales,American Black Ale,0.099,100,16
1774,Hijack,Other Ales,Cream Ale,0.055,20,12
2680,Sho'nuff,Pale Ale,Belgian Pale Ale,0.04,13,16
1392,Sanitas Saison Ale,Other Ales,Saison / Farmhouse Ale,0.057999999999999996,20,12
2478,Pale Alement,Pale Ale,American Pale Ale (APA),0.055,40,12
2126,Lakefire Rye Pale Ale,Pale Ale,American Pale Ale (APA),0.055,35,12
2077,No Wake IPA,Pale Ale,American IPA,0.07200000000000001,50,12
1861,BLAKKR,Other Ales,American Black Ale,0.099,85,12
1394,Old Forge Pumpkin Ale,Other Ales,Pumpkin Ale,0.046,20,16
1057,South Ridge Amber Ale,Other Ales,American Amber / Red Ale,0.06,31,16
1795,Filthy Hoppin' IPA,Pale Ale,American IPA,0.065,72,16
695,Car 21,Stout & Bitter,English Bitter,0.044000000000000004,28,16
8,Ten Fidy Imperial Stout,Stout & Bitter,Russian Imperial Stout,0.099,98,12
626,Aurora Lager (2011),Lager & Pilsener,Dortmunder / Export Lager,0.057,27,16
1577,12th Round,Other Ales,American Strong Ale,0.076,78,16
1242,Big Nose,Pale Ale,American IPA,0.073,50,12
2013,Wandering Pelican,Other Ales,American Black Ale,0.08199999999999999,65,12
2238,Lobo Lito,Lager & Pilsener,Light Lager,0.04,12,12
1346,Habitus IPA,Pale Ale,American IPA,0.08,86,16
567,Churchkey Pilsner Style Beer,Lager & Pilsener,American Pilsner,0.049,29,12
2026,Pursuit,Pale Ale,American IPA,0.07,40,12
2062,Noche Dulce,Stout & Bitter,American Porter,0.071,16,16
778,Brownstone,Other Ales,American Brown Ale,0.059000000000000004,47,16
2639,Dark Star,Stout & Bitter,American Stout,0.08,54,16
863,483 Pale Ale,Pale Ale,American Pale Ale (APA),0.053,48,16
2116,Brutus,Pale Ale,English India Pale Ale (IPA),0.071,69,12
2460,India Pale Ale,Pale Ale,American IPA,0.063,65,16
1694,Dry-Hopped On The High Seas Caribbean-Style IPA,Pale Ale,American IPA,0.07,60,12
1848,American Red Saison,Other Ales,Saison / Farmhouse Ale,0.078,34,12
2366,Point Special (Current),Lager & Pilsener,American Adjunct Lager,0.047,9,12
2684,35 K,Stout & Bitter,Milk / Sweet Stout,0.077,25,16
1874,El Chingon IPA,Pale Ale,American IPA,0.076,73,12
309,Good People IPA,Pale Ale,American IPA,0.06,64,12
1093,Narragansett Summer Ale,Other Ales,American Pale Wheat Ale,0.042,24,12
1801,Last Stop IPA,Pale Ale,American IPA,0.07200000000000001,60,12
1910,Lake House,Lager & Pilsener,Munich Helles Lager,0.046,18,16
501,Pale Dog,Pale Ale,American Pale Ale (APA),0.06,50,12
2219,Scarecrow,Pale Ale,American IPA,0.069,65,16
2672,Leisure Time,Lager & Pilsener,American Pale Lager,0.048,15,12
1736,Zombie Monkie,Stout & Bitter,American Porter,0.062,35,16
371,Redband Stout,Stout & Bitter,American Stout,0.06,36,16
1137,Pre Flight Pilsner,Lager & Pilsener,American Pilsner,0.052000000000000005,33,16
1244,Dos Pistolas,Lager & Pilsener,Vienna Lager,0.048,20,12
2629,Veteran’s Pale Ale (VPA),Pale Ale,American Pale Ale (APA),0.05,40,12
1927,Beach Blonde,Other Ales,American Blonde Ale,0.049,10,16
1659,Evo IPA,Pale Ale,American IPA,0.062,70,12
1308,Rhino Chasers Pilsner,Lager & Pilsener,Czech Pilsener,0.055999999999999994,55,12
1756,When Helles Freezes Over,Lager & Pilsener,Munich Helles Lager,0.055999999999999994,18,12
2663,Grazias,Other Ales,Cream Ale,0.063,30,16
629,Harbinger,Other Ales,Saison / Farmhouse Ale,0.049,35,16
2394,Nonstop Hef Hop,Other Ales,American Pale Wheat Ale,0.039,20,16
1048,Outlaw IPA,Pale Ale,American IPA,0.062,65,12
2628,Grapefruit IPA,Pale Ale,American IPA,0.05,35,12
106,Ellie’s Brown Ale,Other Ales,American Brown Ale,0.055,17,12
1125,Gnarly Brown,Other Ales,American Brown Ale,0.07,32,12
1283,Na Zdraví Pilsner,Lager & Pilsener,Czech Pilsener,0.048,32,16
1760,GreyBeard™ IPA,Pale Ale,American IPA,0.069,51,12
855,Special Amber,Lager & Pilsener,Vienna Lager,0.05,22,12
2158,3:33 Black IPA,Pale Ale,American IPA,0.07200000000000001,86,16
2303,Beer Agent Re-Ignition,Other Ales,American Blonde Ale,0.053,22,16
130,Morning Wood Wheat (Current),Other Ales,American Pale Wheat Ale,0.059000000000000004,14,12
1759,Pisgah Pale Ale,Pale Ale,American Pale Ale (APA),0.057,31,12
655,Farmer Brown Ale,Other Ales,American Brown Ale,0.07,22,16
1711,Moose Drool Brown Ale,Other Ales,American Brown Ale,0.051,26,12
1846,Wachusett Light IPA,Pale Ale,American IPA,0.04,37,12
610,UFO White,Other Ales,American Pale Wheat Ale,0.048,10,12
1581,Hammer & Sickle,Stout & Bitter,Russian Imperial Stout,0.09,60,12
2609,Tribute,Pale Ale,American Pale Ale (APA),0.057999999999999996,58,12
1402,Mind's Eye PA,Pale Ale,American IPA,0.067,74,16
1727,Kilt Dropper Scotch Ale,Other Ales,Scotch Ale / Wee Heavy,0.075,22,16
420,Washita Wheat,Other Ales,American Pale Wheat Ale,0.053,14,12
2308,River House,Other Ales,Saison / Farmhouse Ale,0.05,20,16
1713,Scape Goat Pale Ale,Pale Ale,English Pale Ale,0.05,40,12
1166,Dale's Pale Ale,Pale Ale,American Pale Ale (APA),0.065,65,19.2
724,Hilliard's Blonde,Other Ales,American Blonde Ale,0.049,20,16
516,Jockamo IPA,Pale Ale,American IPA,0.065,52,12
439,Great Crescent Mild Ale,Other Ales,English Dark Mild Ale,0.042,26,16
32,CoCoNut Porter,Stout & Bitter,American Porter,0.057,30,12
2129,Monarch Classic American Wheat,Other Ales,American Pale Wheat Ale,0.043,21,12
2450,Self Starter,Pale Ale,American IPA,0.052000000000000005,67,16
856,Bombshell Blonde,Other Ales,American Blonde Ale,0.05,20,16
1967,General George Patton Pilsner,Lager & Pilsener,Czech Pilsener,0.054000000000000006,48,16
320,Gandhi-Bot Double IPA (12 oz.),Pale Ale,American Double / Imperial IPA,0.08800000000000001,85,12
1867,Saint Archer IPA,Pale Ale,American IPA,0.068,66,12
1434,Wood Chipper India Pale Ale,Pale Ale,American IPA,0.067,70,12
1123,Helles Golden Lager,Lager & Pilsener,Munich Helles Lager,0.049,18,12
929,Single Engine Red,Other Ales,Irish Red Ale,0.057999999999999996,46,12
571,Maduro Brown Ale,Other Ales,American Brown Ale,0.055,25,12
871,Dry Dock Amber Ale,Other Ales,American Amber / Red Ale,0.057999999999999996,49,12
2306,Summer Brew,Lager & Pilsener,American Pilsner,0.027999999999999997,15,12
37,Ashland Amber Ale,Other Ales,American Amber / Red Ale,0.054000000000000006,24,12
1165,Colorado Native,Lager & Pilsener,American Amber / Red Lager,0.055,26,12
2247,Lake Monster,Stout & Bitter,Baltic Porter,0.08199999999999999,25,16
2168,Amazon Princess IPA,Pale Ale,American IPA,0.062,62,12
383,Black Adder IBA (Current),Other Ales,American Black Ale,0.073,85,16
1258,5 Day IPA,Pale Ale,American IPA,0.061,66,12
2089,Trail Head,Pale Ale,American Pale Ale (APA),0.063,55,12
556,Eclipse Black IPA,Other Ales,American Black Ale,0.077,71,16
728,Day Tripper Pale Ale,Pale Ale,American Pale Ale (APA),0.054000000000000006,45,12
2132,Dad,Other Ales,American Amber / Red Ale,0.06,60,12
2213,Native Amber,Other Ales,American Amber / Red Ale,0.063,35,16
1199,Indian Paintbrush IPA,Pale Ale,American IPA,0.07,75,12
1310,Boston Lager,Lager & Pilsener,Vienna Lager,0.049,30,12
698,Indians Victory Lager (2012),Lager & Pilsener,Dortmunder / Export Lager,0.052000000000000005,24,16
2674,The Brown Note,Other Ales,English Brown Ale,0.05,20,16
1269,Great Crescent Coconut Porter,Stout & Bitter,American Porter,0.055999999999999994,33,16
389,Great Crescent Blonde Ale (2011),Other Ales,American Blonde Ale,0.053,22,16
2516,Farmer's Daughter Blonde,Other Ales,American Blonde Ale,0.051,17,16
2208,Lil' Helper,Pale Ale,American IPA,0.07,70,12
2033,Pub Ale,Other Ales,English Dark Mild Ale,0.038,18,12
612,1327 Pod's ESB,Stout & Bitter,Extra Special / Strong Bitter (ESB),0.055999999999999994,37,12
786,Old Chub (2004),Other Ales,Scottish Ale,0.08,35,12
2437,Newport Storm IPA,Pale Ale,American IPA,0.065,75,12
2511,Long Leaf,Pale Ale,American IPA,0.071,75,16
575,Westbrook IPA,Pale Ale,American IPA,0.068,65,12
586,Kodiak Brown Ale,Other Ales,American Brown Ale,0.05,24,12
15,Abrasive Ale,Pale Ale,American Double / Imperial IPA,0.09699999999999999,120,16
2294,The Power of Zeus,Pale Ale,American Pale Ale (APA),0.07,68,12
1699,Great Crescent Blonde Ale,Other Ales,American Blonde Ale,0.053,22,16
2627,Train Hopper,Pale Ale,American IPA,0.057999999999999996,72,12
572,Barney Flats Oatmeal Stout (2012),Stout & Bitter,Oatmeal Stout,0.057,13,12
1913,Hydraulion Red,Other Ales,Irish Red Ale,0.053,22,12
1888,Hoperation Overload,Pale Ale,American Double / Imperial IPA,0.096,85,12
916,Abominable Winter Ale (2012),Other Ales,American Strong Ale,0.073,70,16
2615,Pale,Pale Ale,American Pale Ale (APA),0.054000000000000006,37,16
2146,#004 Session I.P.A.,Pale Ale,American IPA,0.048,38,12
1547,Full Nelson Pale Ale,Pale Ale,American Pale Ale (APA),0.059000000000000004,60,12
949,3 Gear Robust Porter,Stout & Bitter,American Porter,0.052000000000000005,50,16
2190,Campside Session IPA,Pale Ale,American IPA,0.045,50,16
2555,Ginger Peach Saison,Other Ales,Saison / Farmhouse Ale,0.048,20,16
1511,Worthy Pale,Pale Ale,American Pale Ale (APA),0.06,50,12
1934,SunSpot Golden Ale,Other Ales,American Blonde Ale,0.05,15,12
2233,American Lager,Lager & Pilsener,American Adjunct Lager,0.040999999999999995,8,12
1317,Steel Rail Extra Pale Ale,Pale Ale,American Pale Ale (APA),0.053,20,12
46,Buried Hatchet Stout,Stout & Bitter,Foreign / Export Stout,0.083,50,12
1384,Elephant Rock IPA,Pale Ale,American IPA,0.07,75,12
2229,Pride of Texas Pale Ale,Pale Ale,American Pale Ale (APA),0.057999999999999996,60,12
404,Black Star Double Hopped Golden Lager (24 oz.),Lager & Pilsener,American Pale Lager,0.045,15,24
2237,Towhead,Other Ales,American Blonde Ale,0.052000000000000005,21,12
726,G'KNIGHT (16 oz.),Pale Ale,American Double / Imperial IPA,0.087,85,16
2355,Old Soul,Pale Ale,Belgian Strong Pale Ale,0.075,25,12
164,Black Star Double Hopped Golden Lager (12 oz.),Lager & Pilsener,American Pale Lager,0.045,15,12
1435,Stone's Throw IPA,Other Ales,Scottish Ale,0.045,19,12
367,Hop Ottin' IPA (2011),Pale Ale,American IPA,0.07,80,12
188,Pallavicini Pilsner (2009),Lager & Pilsener,Czech Pilsener,0.057999999999999996,21,12
2610,The Gadget,Pale Ale,American IPA,0.064,90,16
353,Bitter American (2011),Pale Ale,American Pale Ale (APA),0.044000000000000004,42,12
2667,Solis,Pale Ale,American IPA,0.075,85,16
2502,Vanilla Java Porter,Stout & Bitter,American Porter,0.055,12,16
991,Get Up Offa That Brown,Other Ales,American Brown Ale,0.055,20,16
44,Bombshell Blonde,Other Ales,American Blonde Ale,0.05,20,12
633,Firestarter India Pale Ale,Pale Ale,American IPA,0.066,72,16
2250,Seventh Son of a Seventh Son,Other Ales,American Strong Ale,0.077,40,16
986,Morning Wood,Stout & Bitter,Oatmeal Stout,0.055,35,16
1556,Batch 69 IPA,Pale Ale,American IPA,0.069,69,12
2669,Calyptra,Lager & Pilsener,American India Pale Lager,0.049,45,12
2630,98 Problems (Cuz A Hop Ain't One),Pale Ale,American IPA,0.065,65,12
402,Snake River Pale Ale,Pale Ale,American Pale Ale (APA),0.052000000000000005,32,12
1850,American India Red Ale,Other Ales,American Strong Ale,0.071,83,12
1284,Dog Days Lager,Lager & Pilsener,Dortmunder / Export Lager,0.051,17,12
969,Capital Gold Golden Lager,Lager & Pilsener,German Pilsener,0.048,22,16
2194,Worthy IPA,Pale Ale,American IPA,0.069,69,12
2227,Dark Voyage Black IPA (2013),Other Ales,American Black Ale,0.065,80,12
2618,Thai.p.a,Pale Ale,American IPA,0.07,46,16
569,Tocobaga Red Ale,Other Ales,American Amber / Red Ale,0.07200000000000001,75,12
430,Hop Slayer Double IPA (2011),Pale Ale,American Double / Imperial IPA,0.08199999999999999,100,12
141,Point Nude Beach Summer Wheat (2010),Other Ales,American Pale Wheat Ale,0.05,7,12
1419,Caldera Pale Ale,Pale Ale,American Pale Ale (APA),0.055999999999999994,55,12
1677,The Great Return,Pale Ale,American IPA,0.075,70,16
1933,Missile IPA,Pale Ale,American IPA,0.07,65,12
495,Voodoo Bengal Pale Ale,Pale Ale,American Pale Ale (APA),0.055,37,12
1335,Float Trip Ale,Other Ales,American Blonde Ale,0.045,18,16
1856,IPA & a Half,Pale Ale,American IPA,0.073,87,12
368,Northern Lights India Pale Ale,Pale Ale,American IPA,0.065,52,12
1379,Harpoon IPA,Pale Ale,American IPA,0.059000000000000004,42,12
1205,Northern Lights India Pale Ale,Pale Ale,American IPA,0.065,52,16
497,Hilliard's Amber Ale,Other Ales,American Amber / Red Ale,0.055,60,16
13,CynicAle,Other Ales,Saison / Farmhouse Ale,0.067,33,16
1488,Pilzilla,Lager & Pilsener,American Double / Imperial Pilsner,0.075,85,12
1050,The Lawn Ranger,Other Ales,Cream Ale,0.05,18,16
1621,Hop Drop 'N Roll IPA,Pale Ale,American IPA,0.07200000000000001,80,16
1333,Quakertown Stout,Stout & Bitter,American Double / Imperial Stout,0.092,50,12
1881,Seiche Scottish Ale,Other Ales,Scottish Ale,0.078,16,16
2668,Habitus (2014),Pale Ale,American Double / Imperial IPA,0.08,100,16
673,Dottie Seattle Lager,Lager & Pilsener,American Amber / Red Lager,0.049,25,16
33,Bikini Blonde Lager,Lager & Pilsener,Munich Helles Lager,0.045,18,12
744,Dale's Pale Ale (2006),Pale Ale,American Pale Ale (APA),0.065,65,12
2347,Hunny Do Wheat,Other Ales,American Pale Wheat Ale,0.048,18,12
2625,Dirty Bastard,Other Ales,Scotch Ale / Wee Heavy,0.085,50,12
442,Great Crescent Stout,Stout & Bitter,English Stout,0.08,66,16
400,Sierra Nevada Pale Ale,Pale Ale,American Pale Ale (APA),0.055999999999999994,37,12
1331,Hardywood Cream Ale,Other Ales,Cream Ale,0.044000000000000004,18,12
2002,Giant DIPA,Pale Ale,American Double / Imperial IPA,0.08900000000000001,88,16
1225,Point Nude Beach Summer Wheat,Other Ales,American Pale Wheat Ale,0.052000000000000005,7,16
2121,Point Special (2012),Lager & Pilsener,American Adjunct Lager,0.047,9,12
597,This Season's Blonde,Other Ales,American Blonde Ale,0.055999999999999994,27,12
1925,Trader Session IPA,Pale Ale,American IPA,0.04,42,12
2632,Gold,Other Ales,American Blonde Ale,0.048,15,12
1686,Irregardless IPA,Pale Ale,American IPA,0.065,75,12
1077,Schlafly American Brown Ale,Other Ales,American Brown Ale,0.05,30,12
1875,Naked Pig Pale Ale,Pale Ale,American Pale Ale (APA),0.06,43,12
2200,Survival Stout,Stout & Bitter,American Stout,0.057999999999999996,35,16
2063,Count Hopula (Vault Series),Pale Ale,American Double / Imperial IPA,0.091,99,16
2395,Nonstop Hef Hop,Other Ales,American Pale Wheat Ale,0.039,20,16
2569,Easy Jack,Pale Ale,American IPA,0.045,47,12
1494,Fortunate Islands,Other Ales,American Pale Wheat Ale,0.047,46,16
1946,Overgrown American Pale Ale,Pale Ale,American Pale Ale (APA),0.055,55,12
2218,Ironman,Other Ales,English Strong Ale,0.09,50,16
2212,Twisted X,Lager & Pilsener,American Adjunct Lager,0.051,19,12
2297,Devil's Harvest Extra Pale Ale,Pale Ale,American Pale Ale (APA),0.057999999999999996,60,12
2691,Maggie's Leap,Stout & Bitter,Milk / Sweet Stout,0.049,26,16
1622,Jam Session,Pale Ale,American Pale Ale (APA),0.051,31,16
2457,312 Urban Pale Ale,Pale Ale,American Pale Ale (APA),0.054000000000000006,30,16
2451,Pure Fury,Pale Ale,American Pale Ale (APA),0.055,42,12
356,Crazy Mountain Amber Ale,Other Ales,American Amber / Red Ale,0.052000000000000005,25,12
1870,Contact High,Other Ales,American Pale Wheat Ale,0.05,28,12
2604,Blonde Czich,Other Ales,American Blonde Ale,0.049,23,16
1217,El Steinber Dark Lager,Lager & Pilsener,Vienna Lager,0.055,25,16
553,People's Pale Ale,Pale Ale,American Pale Ale (APA),0.053,28,12
1853,Ferus Fluxus Wild Belgian Pale Ale,Other Ales,American Wild Ale,0.075,30,19.2
1324,Schlafly Yakima Wheat Ale,Other Ales,American Pale Wheat Ale,0.05,45,12
1812,Quarter Mile Double IPA,Pale Ale,American Double / Imperial IPA,0.08,80,12
2423,Fenway American Pale Ale,Pale Ale,American Pale Ale (APA),0.057999999999999996,45,12
742,Dale's Pale Ale (2003),Pale Ale,American Pale Ale (APA),0.065,65,12
1477,Oval Beach Blonde Ale,Other Ales,American Blonde Ale,0.05,11,16
1400,Big Eye India Pale Ale,Pale Ale,American IPA,0.07,75,12
2644,Yeti  Imperial Stout,Stout & Bitter,Russian Imperial Stout,0.095,75,12
1361,Half Full Bright Ale,Other Ales,American Blonde Ale,0.052000000000000005,18,12
67,Modus Hoperandi,Pale Ale,American IPA,0.068,65,12
1109,Descender IPA,Pale Ale,American IPA,0.07,70,12
2159,City of the Sun,Pale Ale,American IPA,0.075,85,16
366,Jack Stout,Stout & Bitter,Oatmeal Stout,0.06,23,12
2420,Back Bay IPA,Pale Ale,American IPA,0.068,85,12
984,Leaning Chimney Smoked Porter,Stout & Bitter,American Porter,0.06,34,16
1268,Rustic Red,Other Ales,Irish Red Ale,0.052000000000000005,23,16
2138,Grind Line,Pale Ale,American Pale Ale (APA),0.05,35,16
2044,Captain's Daughter,Pale Ale,American Double / Imperial IPA,0.085,69,12
2017,Pail Ale,Pale Ale,American Pale Ale (APA),0.055,30,16
2441,Mission IPA,Pale Ale,American IPA,0.068,66,32
1660,Immersion Amber,Other Ales,American Amber / Red Ale,0.052000000000000005,27,12
1887,Abbey's Single Ale (Current),Other Ales,Abbey Single Ale,0.049,22,12
525,Diesel,Stout & Bitter,American Stout,0.063,69,16
920,Polar Pale Ale,Pale Ale,American Pale Ale (APA),0.052000000000000005,17,12
943,Deep Ellum IPA,Pale Ale,American IPA,0.07,70,12
895,Loki Red Ale (2013),Other Ales,American Amber / Red Ale,0.075,53,16
697,Stimulator Pale Ale,Pale Ale,American Pale Ale (APA),0.053,48,16
1318,Wild Wolf Wee Heavy Scottish Style Ale,Other Ales,Scotch Ale / Wee Heavy,0.057,20,12
467,Joseph James American Lager,Lager & Pilsener,American Adjunct Lager,0.052000000000000005,15,12
2304,Sundown,Other Ales,Saison / Farmhouse Ale,0.071,36,12
1833,Hop Farm IPA,Pale Ale,American IPA,0.057999999999999996,45,12
317,Hop Shock IPA (2010),Pale Ale,American IPA,0.07,85,12
24,113 IPA,Pale Ale,American IPA,0.07,113,12
2333,Psycho Penguin Vanilla Porter,Stout & Bitter,American Porter,0.054000000000000006,36,12
1891,Longhop IPA,Pale Ale,American IPA,0.042,30,16
2540,Citra Ass Down,Pale Ale,American IPA,0.08199999999999999,68,16
381,Upstate I.P.W.,Pale Ale,American IPA,0.065,70,12
761,P-51 Porter,Stout & Bitter,American Porter,0.08,31,16
2686,Citra Ass Down,Pale Ale,American Double / Imperial IPA,0.08,68,16
2513,Vanilla Porter,Stout & Bitter,American Porter,0.047,25,16
1895,Groupe G,Pale Ale,Belgian IPA,0.076,65,16
1509,Perpetual IPA,Pale Ale,American IPA,0.075,85,12
2400,Nonstop Hef Hop,Other Ales,American Pale Wheat Ale,0.039,20,16
1999,Fistful Of Hops Blue,Pale Ale,American IPA,0.064,75,16
2127,Sir William's English Brown Ale,Other Ales,English Brown Ale,0.049,21,12
1574,Barrel Aged Farmer,Other Ales,American Brown Ale,0.07,22,16
1852,Truth,Pale Ale,American IPA,0.07200000000000001,75,12
145,Silverback Pale Ale,Pale Ale,American Pale Ale (APA),0.055,40,12
2574,4Beans,Stout & Bitter,Baltic Porter,0.1,52,12
978,Old Red Beard Amber Ale,Other Ales,American Amber / Red Ale,0.06,35,12
1018,Sculpin IPA,Pale Ale,American IPA,0.07,70,12
651,Isis,Pale Ale,American Double / Imperial IPA,0.091,91,16
406,Snake River Lager,Lager & Pilsener,Vienna Lager,0.05,18,12
2345,Gansett Light,Lager & Pilsener,Light Lager,0.037000000000000005,10,16
2413,Cali Creamin',Other Ales,Cream Ale,0.052000000000000005,21,12
1749,Just IPA,Pale Ale,American IPA,0.046,45,12
1120,Hipster Breakfast,Stout & Bitter,Oatmeal Stout,0.057999999999999996,40,16
1144,Samuel Adams Summer Ale,Other Ales,American Pale Wheat Ale,0.053,7,12
1382,Crank Yanker IPA,Pale Ale,American IPA,0.078,74,16
2068,Imperial Pumpkin Stout,Other Ales,Pumpkin Ale,0.099,43,16
2391,Nonstop Hef Hop,Other Ales,American Pale Wheat Ale,0.039,20,16
2253,Blonde Hunny,Pale Ale,Belgian Pale Ale,0.068,21,12
2178,Hawaiian Crow Porter,Stout & Bitter,American Porter,0.052000000000000005,27,12
28,Tule Duck Red Ale (Current),Other Ales,American Amber / Red Ale,0.062,42,16
2484,Bomber Mountain Amber Ale,Other Ales,American Amber / Red Ale,0.046,20,12
1223,All Day IPA,Pale Ale,American IPA,0.047,42,12
1399,Heal the Bay IPA,Pale Ale,American IPA,0.068,65,16
1544,Starr Pils,Lager & Pilsener,German Pilsener,0.042,20,12
879,Dagger Falls IPA,Pale Ale,American IPA,0.063,100,12
513,Bomb Lager (Old Recipe),Lager & Pilsener,Munich Helles Lager,0.045,27,12
549,Point the Way IPA (2012),Pale Ale,American IPA,0.059000000000000004,60,16
1746,Dead Armadillo Amber Ale,Other Ales,American Amber / Red Ale,0.063,37,12
1932,Thai Style White IPA,Pale Ale,American White IPA,0.065,33,12
1257,Jack Pine Savage,Pale Ale,American Pale Ale (APA),0.053,43,16
603,Midwest Charm Farmhouse Ale,Other Ales,Saison / Farmhouse Ale,0.06,29,16
1010,Old Potentate,Other Ales,Old Ale,0.07200000000000001,40,12
2284,Hinchtown Hammer Down,Other Ales,American Blonde Ale,0.05,27,16
970,Des Moines IPA,Pale Ale,American IPA,0.068,75,16
945,Long Hammer IPA,Pale Ale,American IPA,0.065,44,16
120,Hurricane Amber Ale,Other Ales,American Amber / Red Ale,0.052000000000000005,24,12
1550,Charlie in the Rye,Pale Ale,American IPA,0.057999999999999996,55,12
1253,Venture Pils,Lager & Pilsener,German Pilsener,0.05,38,12
1088,Cutthroat Pale Ale,Pale Ale,American Pale Ale (APA),0.04,34,12
631,Flagship Ale,Other Ales,Cream Ale,0.049,22,12
2660,Westfalia,Other Ales,American Amber / Red Ale,0.055999999999999994,16,12
912,Oasis,Stout & Bitter,Extra Special / Strong Bitter (ESB),0.07200000000000001,93,16
2045,Might As Well IPL,Lager & Pilsener,American Pale Lager,0.07200000000000001,75,16
169,Horny Toad Cerveza (2013),Other Ales,American Blonde Ale,0.053,25,16
2095,Wavemaker,Other Ales,American Amber / Red Ale,0.057999999999999996,38,12
2142,Screamin’ Pumpkin,Other Ales,Pumpkin Ale,0.05,25,16
1046,Golden Pilsner,Lager & Pilsener,German Pilsener,0.05,35,12
1688,American Hero,Other Ales,American Amber / Red Ale,0.057,42,12
146,Avery Joe’s Premium American Pilsner,Lager & Pilsener,German Pilsener,0.047,42,12
974,WYLD Extra Pale Ale,Pale Ale,American Pale Ale (APA),0.04,29,12
479,Missouri Mule India Pale Ale,Pale Ale,American IPA,0.07,70,16
1643,Banner American Ale,Other Ales,American Amber / Red Ale,0.035,45,12
23,Dunkel Lager,Lager & Pilsener,Munich Dunkel Lager,0.053,21,12
1513,Lights Out Vanilla Cream Extra Stout,Pale Ale,American Double / Imperial IPA,0.077,30,12
2380,IPA #11,Pale Ale,American IPA,0.057,58,16
1565,Centennial IPA,Pale Ale,American IPA,0.07200000000000001,65,12
1748,Bronx Summer Pale Ale,Pale Ale,American Pale Ale (APA),0.052000000000000005,16,16
2600,Gone A-Rye,Pale Ale,American Double / Imperial IPA,0.085,90,16
683,Upslope Belgian Style Pale Ale,Pale Ale,Belgian Pale Ale,0.075,30,12
505,Evolutionary IPA (2011),Pale Ale,American IPA,0.062,70,12
2090,Bengali,Pale Ale,American IPA,0.065,62,24
362,Blacktop Blonde,Other Ales,American Blonde Ale,0.05,19,12
1183,Kindler Pale Ale,Pale Ale,American Pale Ale (APA),0.053,45,12
2100,Yard Sale Winter Lager,Lager & Pilsener,American Amber / Red Lager,0.04,22,12
1064,Owney Irish Style Red Ale,Other Ales,Irish Red Ale,0.05,30,16
1712,Montana Trout Slayer Ale,Other Ales,American Pale Wheat Ale,0.05,35,12
1397,Two-One Niner,Lager & Pilsener,American Pilsner,0.048,9,12
1030,Country Pale Ale,Pale Ale,English Pale Ale,0.051,17,12
893,Wheat the People,Other Ales,American Pale Wheat Ale,0.044000000000000004,13,16
2509,Porter (a/k/a Black Gold Porter),Stout & Bitter,American Porter,0.06,23,16
1015,Hangar 24 Helles Lager,Lager & Pilsener,Munich Helles Lager,0.043,14,12
2444,Nugget Nectar,Other Ales,American Amber / Red Ale,0.075,93,16
918,Frankenlou's IPA,Pale Ale,American IPA,0.07,105,16
2524,Bat Outta Helles,Lager & Pilsener,Munich Helles Lager,0.042,20,12
468,Hop Box Imperial IPA,Pale Ale,American Double / Imperial IPA,0.09300000000000001,90,12
2195,Double D Blonde,Other Ales,American Blonde Ale,0.049,20,12
186,The Corruption,Pale Ale,American IPA,0.065,80,12
1668,Overcast Espresso Stout,Stout & Bitter,American Stout,0.057999999999999996,27,12
403,Narragansett Summer Ale,Other Ales,American Pale Wheat Ale,0.042,24,16
1459,Shipwrecked Double IPA,Pale Ale,American Double / Imperial IPA,0.092,75,32
2521,Soul Doubt,Pale Ale,American IPA,0.059000000000000004,70,12
736,Ornery Amber Lager (2003),Lager & Pilsener,Vienna Lager,0.055,33,12
1451,Moirai India Pale Ale,Pale Ale,American IPA,0.07,70,16
2119,First Stand,Other Ales,Saison / Farmhouse Ale,0.055,35,12
2154,Aurora,Other Ales,American Amber / Red Ale,0.067,75,16
1350,Summer Solstice,Other Ales,Cream Ale,0.055999999999999994,4,12
2526,Texicali,Other Ales,American Brown Ale,0.065,33,12
48,British Pale Ale,Pale Ale,English Pale Ale,0.054000000000000006,30,16
2225,Lake House,Lager & Pilsener,Munich Helles Lager,0.046,18,12
2065,Fisherman's Pils,Lager & Pilsener,German Pilsener,0.054000000000000006,35,12
1599,Royal Brat,Stout & Bitter,Extra Special / Strong Bitter (ESB),0.065,55,16
1332,Greenbelt Farmhouse Ale,Other Ales,Saison / Farmhouse Ale,0.051,20,12
908,Pumpkan,Other Ales,Pumpkin Ale,0.052000000000000005,20,12
2093,Pleasure Town,Pale Ale,American IPA,0.063,61,12
1755,Juke Joint IPA,Pale Ale,American IPA,0.07,60,12
1391,Sanitas Black IPA,Other Ales,American Black Ale,0.068,65,12
10,Brew Free! or Die IPA,Pale Ale,American IPA,0.07,65,12
189,Roller Dam Red Ale (2010),Other Ales,Irish Red Ale,0.054000000000000006,30,16
527,Atwater's Lager,Lager & Pilsener,Munich Helles Lager,0.05,12,12
436,Great Crescent IPA (2011),Pale Ale,American IPA,0.062,60,16
878,Lawnmower Lager,Lager & Pilsener,American Adjunct Lager,0.039,16,12
770,Harpoon IPA (2012),Pale Ale,American IPA,0.059000000000000004,42,12
1388,The Crisp,Lager & Pilsener,German Pilsener,0.054000000000000006,42,16
1546,Steel Wheels ESB,Stout & Bitter,Extra Special / Strong Bitter (ESB),0.065,30,12
2201,312 Urban Wheat Ale,Other Ales,American Pale Wheat Ale,0.042,18,16
1327,Hop Ottin' IPA,Pale Ale,American IPA,0.07,80,12
622,Blacktop Blonde,Other Ales,American Blonde Ale,0.05,19,24
785,Old Chub (2003),Other Ales,Scottish Ale,0.08,35,12
1908,Fresh Slice White IPA,Pale Ale,American White IPA,0.055,45,12
1468,Wolverine Premium Lager,Lager & Pilsener,American Pale Lager,0.047,15,12
126,Harpoon IPA (2010),Pale Ale,American IPA,0.059000000000000004,42,12
2681,Flesh Gourd'n,Other Ales,Pumpkin Ale,0.066,21,16
2187,Celestial Meridian Cascadian Dark Lager,Lager & Pilsener,Euro Dark Lager,0.051,45,12
1718,Firemans #4 Blonde Ale (2013),Other Ales,American Blonde Ale,0.051,21,12
528,Grand Circus IPA,Pale Ale,American IPA,0.05,62,12
1020,3Beans,Stout & Bitter,Baltic Porter,0.099,85,12
824,Tonganoxie Honey Wheat,Other Ales,American Pale Wheat Ale,0.044000000000000004,22,12
2661,Park,Other Ales,American Pale Wheat Ale,0.047,19,12
793,Caldera IPA (2009),Pale Ale,American IPA,0.061,94,12
1768,Stone Fort Brown Ale,Other Ales,English Brown Ale,0.053,20,16
1334,Dreamin' Double IPA,Pale Ale,American Double / Imperial IPA,0.085,85,12
690,Sobrehumano Palena'ole,Other Ales,American Amber / Red Ale,0.06,24,12
751,Hurricane Amber Ale (2004),Other Ales,American Amber / Red Ale,0.052000000000000005,24,12
386,Mexican Logger,Lager & Pilsener,American Pale Lager,0.042,18,12
1762,Hemlock Double IPA,Pale Ale,American Double / Imperial IPA,0.095,104,12
1420,Grapefruit Jungle (GFJ),Pale Ale,American IPA,0.075,77,16
2157,Booming Rollers,Pale Ale,American IPA,0.068,75,16
457,Dundee Summer Wheat Beer,Other Ales,American Pale Wheat Ale,0.045,18,12
1197,Wagon Box Wheat Beer,Other Ales,American Pale Wheat Ale,0.059000000000000004,15,12
1479,1881 California Red,Other Ales,American Amber / Red Ale,0.055999999999999994,35,12
1667,King Street IPA,Pale Ale,American IPA,0.06,70,12
2030,Smoking Mirror,Stout & Bitter,American Porter,0.055,30,12
531,Special Edition: Allies Win The War!,Other Ales,English Strong Ale,0.085,52,12
313,Mana Wheat,Other Ales,American Pale Wheat Ale,0.055,15,12
866,British Pale Ale (2010),Pale Ale,English Pale Ale,0.054000000000000006,30,16
87,Eddy Out Pale Ale,Pale Ale,American Pale Ale (APA),0.055,50,16
1349,Boston Lager,Lager & Pilsener,Vienna Lager,0.049,30,16
2452,Hustle,Other Ales,American Amber / Red Ale,0.057,42,12
1173,Evolutionary IPA (2012),Pale Ale,American IPA,0.062,70,12
990,Loose Cannon,Pale Ale,American IPA,0.07200000000000001,45,12
2497,Wobble,Pale Ale,American IPA,0.063,69,16
54,Osiris Pale Ale (2010),Pale Ale,American Pale Ale (APA),0.055999999999999994,50,16
2071,London Homesick Ale,Stout & Bitter,English Bitter,0.049,27,12
1606,Snow King Pale Ale,Pale Ale,American Pale Ale (APA),0.06,55,12
2140,El Rojo,Other Ales,American Amber / Red Ale,0.065,25,16
1238,Wild Night,Other Ales,Cream Ale,0.059000000000000004,18,12
787,Old Chub (2008),Other Ales,Scottish Ale,0.08,35,12
881,Hop Abomination,Pale Ale,American IPA,0.066,100,12
397,SummerBright Ale,Other Ales,American Pale Wheat Ale,0.045,15,12
1135,Our Legacy IPA,Pale Ale,American IPA,0.065,60,16
441,Great Crescent Coconut Porter (2012),Stout & Bitter,American Porter,0.055999999999999994,33,16
2562,Lee Hill Series Vol. 3 - Barrel Aged Imperial Stout,Stout & Bitter,American Double / Imperial Stout,0.099,51,19.2
1454,Parcae Belgian Style Pale Ale,Pale Ale,Belgian Pale Ale,0.05,20,16
1800,Rollin Dirty Red Ale,Other Ales,Irish Red Ale,0.05,21,12
1609,Initial Point India Pale Ale,Pale Ale,American IPA,0.071,92,12
2692,Get Together,Pale Ale,American IPA,0.045,50,16
105,Köld Lager (2010),Lager & Pilsener,German Pilsener,0.05,16,16
985,Bark Bite IPA,Pale Ale,American IPA,0.066,50,16
1068,Barn Burner Saison,Other Ales,Saison / Farmhouse Ale,0.066,20,12
1150,Woolybugger Wheat,Other Ales,American Pale Wheat Ale,0.046,12,12
965,Field 41 Pale Ale,Pale Ale,American Pale Ale (APA),0.044000000000000004,38,12
2507,Double Duckpin,Pale Ale,American Double / Imperial IPA,0.085,90,12
1829,312 Urban Wheat Ale,Other Ales,American Pale Wheat Ale,0.042,18,12
1733,805,Other Ales,American Blonde Ale,0.047,20,12
2388,Rise Up Red,Other Ales,American Amber / Red Ale,0.057999999999999996,60,16
382,Common Sense Kentucky Common Ale,Other Ales,American Brown Ale,0.053,22,16
2360,Morning Wood Wheat (Current),Other Ales,American Pale Wheat Ale,0.059000000000000004,14,12
2175,Mound Builder IPA,Pale Ale,American IPA,0.065,77,12
1006,Elevation Triple India Pale Ale,Pale Ale,American Double / Imperial IPA,0.099,100,12
31,Big Swell IPA,Pale Ale,American IPA,0.062,65,12
2679,Bloody Show,Lager & Pilsener,American Pilsner,0.055,17,16
647,Full Boar Scotch Ale,Other Ales,Scotch Ale / Wee Heavy,0.07400000000000001,12,16
2088,Hop Stalker Fresh Hop IPA,Pale Ale,American IPA,0.07,80,16
566,East India Pale Ale,Pale Ale,English India Pale Ale (IPA),0.068,47,12
692,Blue Point White IPA,Pale Ale,American White IPA,0.06,40,12
1851,Cougar,Other Ales,American Blonde Ale,0.048,25,12
104,Oasis (2010),Pale Ale,American Double / Imperial IPA,0.07200000000000001,93,16
649,Great Crescent Brown Ale,Other Ales,American Brown Ale,0.045,36,16
1487,Falling Down Brown Ale,Other Ales,American Brown Ale,0.065,65,16
850,Devil’s Ale,Pale Ale,American Pale Ale (APA),0.055,45,12
2108,Laughing Dog Cream Ale,Other Ales,Cream Ale,0.05,12,12
748,Fat Tire Amber Ale (2011),Other Ales,American Amber / Red Ale,0.052000000000000005,18,12
2054,Pale Alement,Pale Ale,American Pale Ale (APA),0.055,40,16
2041,Dammit Jim!,Other Ales,American Amber / Red Ale,0.052000000000000005,50,12
2365,Point Special,Lager & Pilsener,American Adjunct Lager,0.047,9,12
1073,Epicenter Amber Ale,Other Ales,American Amber / Red Ale,0.055,20,12
2230,Ranger IPA,Pale Ale,American IPA,0.065,70,12
1696,Hi-Res,Pale Ale,American Double / Imperial IPA,0.099,111,12
1978,1554 Black Lager,Lager & Pilsener,Euro Dark Lager,0.055999999999999994,21,12
434,Sockeye Red IPA,Pale Ale,American IPA,0.057,70,12
1849,American Red Porter,Stout & Bitter,American Porter,0.071,45,12
1777,2020 IPA,Pale Ale,American IPA,0.07400000000000001,74,16
20,Phoenix Pale Ale,Pale Ale,American Pale Ale (APA),0.051,40,12
1461,Peacemaker Pilsner,Lager & Pilsener,Czech Pilsener,0.057999999999999996,21,12
1507,Gator Tail Brown Ale,Other Ales,American Brown Ale,0.053,30,12
1252,Dale's Pale Ale,Pale Ale,American Pale Ale (APA),0.065,65,12
1009,Tallgrass Pub Ale,Other Ales,American Brown Ale,0.044000000000000004,12,16
2579,Jah Mon,Pale Ale,American IPA,0.05,100,12
1080,Hop Happy,Pale Ale,American IPA,0.075,51,16
1963,Wonderstuff,Lager & Pilsener,German Pilsener,0.054000000000000006,48,12
590,Longboard Island Lager,Lager & Pilsener,American Amber / Red Lager,0.046,18,12
618,Green Monsta IPA,Pale Ale,American IPA,0.06,55,12
1702,Bourbon Barrel Aged Coconut Porter,Stout & Bitter,American Porter,0.055999999999999994,33,16
2334,Clan Warrior,Other Ales,Scotch Ale / Wee Heavy,0.087,29,12
1545,Blue Mountain Classic Lager,Lager & Pilsener,Euro Pale Lager,0.053,22,12
628,Resin,Pale Ale,American Double / Imperial IPA,0.091,103,12
1772,Jacaranada Rye IPA,Pale Ale,American IPA,0.067,60,16
2084,PV Muckle (2013),Other Ales,Scotch Ale / Wee Heavy,0.083,23,16
1005,5:00 O'Clock Afternoon Ale,Other Ales,American Blonde Ale,0.05,25,16
743,Dale's Pale Ale (2004),Pale Ale,American Pale Ale (APA),0.065,65,12
429,Ninja Porter,Stout & Bitter,American Porter,0.053,26,12
1383,Beaver Logger,Lager & Pilsener,American Pale Lager,0.052000000000000005,19,12
2156,Oneida,Pale Ale,American Pale Ale (APA),0.052000000000000005,50,16
2186,Tsunami IPA,Pale Ale,American IPA,0.07200000000000001,75,19.2
1126,Psychopathy,Pale Ale,American IPA,0.069,70,12
667,Blue Point Summer Ale,Other Ales,American Blonde Ale,0.044000000000000004,16,12
407,OB-1 Organic Ale,Other Ales,English Brown Ale,0.05,22,12
1512,Worthy IPA (2013),Pale Ale,American IPA,0.069,69,12
1505,Flying Jenny Extra Pale Ale,Pale Ale,American Pale Ale (APA),0.06,54,12
183,Pamola Xtra Pale Ale,Pale Ale,American Pale Ale (APA),0.049,28,12
2151,Onyx Black Ale,Other Ales,American Black Ale,0.052000000000000005,9,12
2319,Knotty Blonde Ale,Other Ales,American Blonde Ale,0.04,18,12
47,Ballz Deep Double IPA,Pale Ale,American Double / Imperial IPA,0.084,82,16
921,Northern Lights Amber Ale,Other Ales,American Amber / Red Ale,0.05,15,12
864,Roller Dam Red Ale,Other Ales,Irish Red Ale,0.054000000000000006,30,16
2052,Dankosaurus,Pale Ale,American IPA,0.068,70,16
1108,Sweet As Pacific Ale,Other Ales,American Pale Wheat Ale,0.06,18,12
749,Wolf Among Weeds IPA (2012),Pale Ale,American IPA,0.08,70,16
1011,Red Cockaded Ale (2013),Pale Ale,American Double / Imperial IPA,0.085,110,12
1872,Local Buzz,Other Ales,American Blonde Ale,0.052000000000000005,20,12
2458,Chupahopra,Pale Ale,American IPA,0.075,63,12
433,Greenville Pale Ale,Pale Ale,American Pale Ale (APA),0.055,52,12
2153,North Third Stout,Stout & Bitter,Foreign / Export Stout,0.06,30,12
662,TailGate IPA,Pale Ale,American IPA,0.05,44,12
950,Rivet Irish Red Ale,Other Ales,Irish Red Ale,0.051,22,16
85,Cold Smoke Scotch Ale,Other Ales,Scotch Ale / Wee Heavy,0.065,11,16
1121,Sidekick Extra Pale Ale,Pale Ale,American Pale Ale (APA),0.051,36,12
796,Brew Free! or Die IPA (2009),Pale Ale,American IPA,0.07,70,12
1728,Red Cockaded Ale,Pale Ale,American Double / Imperial IPA,0.085,110,12
1407,Tybee Island Blonde,Other Ales,American Blonde Ale,0.047,17,12
1930,Summer Session Ale,Other Ales,American Pale Wheat Ale,0.05,61,12
2232,American Amber,Lager & Pilsener,American Amber / Red Lager,0.040999999999999995,8,12
2226,Wisconsin Amber,Lager & Pilsener,Vienna Lager,0.052000000000000005,28,12
103,Tallgrass Ale,Other Ales,American Brown Ale,0.044000000000000004,22,16
1162,Oatmeal PSA,Pale Ale,American Pale Ale (APA),0.05,35,16
1580,Trolley Stop Stout,Stout & Bitter,American Stout,0.057,40,12
979,Poop Deck Porter,Stout & Bitter,American Porter,0.062,35,12
925,Lily Flagg Milk Stout,Stout & Bitter,Milk / Sweet Stout,0.05,30,12
2459,Blackberry Wheat,Other Ales,American Pale Wheat Ale,0.048,11,16
1148,Nebraska India Pale Ale,Pale Ale,American IPA,0.065,65,12
1393,Cascadian Dark Ale,Other Ales,American Black Ale,0.06,75,12
1260,Wee-Heavy-Er Scotch Ale,Other Ales,Scotch Ale / Wee Heavy,0.07,24,12
1141,Jai Alai IPA Aged on White Oak,Pale Ale,American IPA,0.075,70,12
2301,Power & Light,Pale Ale,American Pale Ale (APA),0.055,42,12
1182,Elliott's Phoned Home Pale Ale,Pale Ale,American Pale Ale (APA),0.051,36,16
1142,Humidor Series India Pale Ale,Pale Ale,American IPA,0.075,70,12
851,On the Wings of Armageddon,Pale Ale,American Double / Imperial IPA,0.092,115,12
1389,Osiris Pale Ale,Pale Ale,American Pale Ale (APA),0.055999999999999994,50,16
1714,Big Sky IPA,Pale Ale,American IPA,0.062,65,12
1700,Aurora Lager,Lager & Pilsener,Dortmunder / Export Lager,0.057,27,16
2038,Infamous IPA,Pale Ale,American IPA,0.07,75,12
2585,Galaxy IPA,Pale Ale,American IPA,0.075,60,16
388,G'KNIGHT (12 oz.),Pale Ale,American Double / Imperial IPA,0.087,85,12
311,Coffee Oatmeal Stout,Stout & Bitter,Oatmeal Stout,0.06,54,12
1127,Bourbon Barrel Wee Mac,Other Ales,Scottish Ale,0.054000000000000006,23,16
1196,Wild Plum Farmhouse Ale,Other Ales,Saison / Farmhouse Ale,0.055999999999999994,20,16
2122,Point Special (2013),Lager & Pilsener,American Adjunct Lager,0.047,9,12
2508,Jalapeno Pale Ale,Pale Ale,American Pale Ale (APA),0.055,45,16
1726,Hopped on the High Seas (Hop #529),Pale Ale,American IPA,0.07,60,12
765,Buffalo Sweat,Stout & Bitter,Milk / Sweet Stout,0.05,20,16
1620,Pumpkin Beast,Other Ales,Pumpkin Ale,0.062,17,12
617,Zonker Stout,Stout & Bitter,Foreign / Export Stout,0.054000000000000006,36,12
888,1327 Pod's ESB,Stout & Bitter,Extra Special / Strong Bitter (ESB),0.055999999999999994,37,12
124,Epicenter Amber Ale (2010),Other Ales,American Amber / Red Ale,0.055,20,12
1187,Peninsula Brewers Reserve (PBR),Other Ales,American Blonde Ale,0.05,15,12
806,Gordon Imperial Red (2010),Pale Ale,American Double / Imperial IPA,0.087,85,12
1145,Cardinal Pale Ale,Pale Ale,American Pale Ale (APA),0.057,29,12
1265,Old Grogham Imperial India Pale Ale,Pale Ale,American Double / Imperial IPA,0.085,86,16
1272,Louie's Demise Amber Ale,Other Ales,American Amber / Red Ale,0.051,24,16
1701,Great Crescent IPA,Pale Ale,American IPA,0.062,60,16
794,Ashland Amber Ale (2009),Other Ales,American Amber / Red Ale,0.054000000000000006,24,12
946,Dallas Blonde,Other Ales,American Blonde Ale,0.052000000000000005,23,12
12,Furious,Pale Ale,American IPA,0.062,99,16
1839,Chin Music Amber Lager,Lager & Pilsener,American Amber / Red Lager,0.045,24,12
1653,The Long Thaw White IPA,Pale Ale,American White IPA,0.062,45,12
775,Mutton Buster,Other Ales,American Brown Ale,0.055,25,12
2475,Slow Ride,Pale Ale,American IPA,0.045,40,12
747,Old Grogham Imperial India Pale Ale (2012),Pale Ale,American Double / Imperial IPA,0.085,86,16
2329,Peacemaker Pale Ale,Pale Ale,American Pale Ale (APA),0.057,47,12
641,Hoppy Boy,Pale Ale,American IPA,0.062,65,16
1390,Double D Blonde (2013),Other Ales,American Blonde Ale,0.049,20,12
1153,Lumberyard Pilsner,Lager & Pilsener,American Pilsner,0.053,20,12
2515,Pump House IPA,Pale Ale,American IPA,0.055,45,16
846,Black Walnut Wheat,Other Ales,American Dark Wheat Ale,0.045,18,16
102,Buffalo Sweat (2010),Stout & Bitter,Milk / Sweet Stout,0.05,20,16
1669,Oakshire Amber Ale,Other Ales,American Amber / Red Ale,0.054000000000000006,24,12
1901,Bent Hop Golden IPA,Pale Ale,American IPA,0.062,68,12
2177,Volcano Red Ale,Other Ales,American Amber / Red Ale,0.052000000000000005,23,12
512,Autumnation (2011-12) (2011),Other Ales,Pumpkin Ale,0.06,48,16
578,Shift,Lager & Pilsener,American Pale Lager,0.05,29,16
445,Special Amber,Lager & Pilsener,Vienna Lager,0.05,22,12
966,Topcutter India Pale Ale,Pale Ale,American IPA,0.068,70,12
1302,Blur India Pale Ale,Pale Ale,American IPA,0.07400000000000001,60,12
563,Fat Tire Amber Ale,Other Ales,American Amber / Red Ale,0.052000000000000005,18,16
955,Dale's Pale Ale,Pale Ale,American Pale Ale (APA),0.065,65,19.2
390,Whitsun,Other Ales,American Pale Wheat Ale,0.062,17,12
2633,Hotbox Brown,Other Ales,American Brown Ale,0.055,10,12
1865,Saint Archer Pale Ale,Pale Ale,American Pale Ale (APA),0.052000000000000005,40,12
2473,Hopvale Organic Ale,Pale Ale,American Pale Ale (APA),0.047,55,16
2184,Humpback Blonde Ale,Other Ales,American Blonde Ale,0.042,22,12
953,Wisco Disco,Other Ales,American Amber / Red Ale,0.051,31,16
1697,Be Hoppy IPA,Pale Ale,American IPA,0.065,69,16
2566,Flying Mouse 4,Pale Ale,American IPA,0.07,70,12
1898,Blackmarket Rye IPA,Pale Ale,American IPA,0.075,35,12
76,Poleeko Gold Pale Ale (2009),Pale Ale,American Pale Ale (APA),0.055,28,12
789,Caldera Pale Ale (2005),Pale Ale,American Pale Ale (APA),0.055999999999999994,55,12
1021,Watership Brown Ale,Other Ales,American Brown Ale,0.07200000000000001,55,12
463,Hopadillo India Pale Ale,Pale Ale,American IPA,0.066,70,12
2343,O’Malley’s IPA,Pale Ale,American IPA,0.075,89,12
329,WET,Pale Ale,American IPA,0.075,90,16
2076,Boathouse Blonde,Other Ales,American Blonde Ale,0.049,15,12
2386,Third Eye Enlightened Pale Ale,Pale Ale,American Pale Ale (APA),0.065,65,12
2160,Joey Wheat,Other Ales,American Pale Wheat Ale,0.068,16,16
808,Hoopla Pale Ale,Pale Ale,American Pale Ale (APA),0.057,35,12
2594,Surfrider,Pale Ale,American Pale Ale (APA),0.052000000000000005,35,16
750,Burning Bush Smoked IPA,Pale Ale,American IPA,0.08,70,16
1194,Alpha Ale,Pale Ale,American Pale Ale (APA),0.051,45,12
2616,Pole Barn Stout,Stout & Bitter,Oatmeal Stout,0.055,31,16
1106,Pablo Beach Pale Ale,Pale Ale,American Pale Ale (APA),0.05,30,12
4,Gordon Ale (2009),Pale Ale,American Double / Imperial IPA,0.087,85,12
1893,Hill 88 Double IPA,Pale Ale,American Double / Imperial IPA,0.08800000000000001,77,16
558,I-10 IPA,Pale Ale,American IPA,0.068,55,12
2193,Abominable Winter Ale,Other Ales,American Strong Ale,0.073,70,16
1202,Farmhouse Wit,Other Ales,Saison / Farmhouse Ale,0.048,25,16
1896,Aftermath Pale Ale,Pale Ale,American Pale Ale (APA),0.057999999999999996,44,12
1654,Hop Bomber Rye Pale Ale,Pale Ale,American Pale Ale (APA),0.055,60,16
886,1327 Pod's ESB,Stout & Bitter,Extra Special / Strong Bitter (ESB),0.055999999999999994,37,12
1809,The Tradition,Other Ales,American Blonde Ale,0.05,15,12
2689,Pumpion,Other Ales,Pumpkin Ale,0.06,38,16
1387,Sweet Action,Other Ales,Cream Ale,0.052000000000000005,34,16
1745,Mississippi Fire Ant,Other Ales,American Amber / Red Ale,0.08,80,16
42,Gandhi-Bot Double IPA (16 oz.) (2010),Pale Ale,American Double / Imperial IPA,0.08800000000000001,85,16
1228,Mad Beach,Other Ales,American Pale Wheat Ale,0.048,23,12
1089,Hop Notch IPA (2013),Pale Ale,American IPA,0.073,82,12
2295,The Golden One,Lager & Pilsener,American Pilsner,0.063,21,12
1693,Hopped on the High Seas (Citra),Pale Ale,American IPA,0.07,60,12
2350,Oklahoma Suks,Other Ales,American Amber / Red Ale,0.048,32,12
1960,Saison Pamplemousse,Other Ales,Saison / Farmhouse Ale,0.057999999999999996,35,12
1404,North 45 Amber Ale,Other Ales,American Amber / Red Ale,0.059000000000000004,25,16
2315,Hopportunity Knocks IPA,Pale Ale,American IPA,0.068,100,12
1907,Montauk Summer Ale,Other Ales,American Blonde Ale,0.055999999999999994,28,12
2064,Fisherman's Brew,Other Ales,American Amber / Red Ale,0.055,30,12
1815,SPRYE,Pale Ale,American Pale Ale (APA),0.05,40,12
1128,Ring of Dingle,Stout & Bitter,Irish Dry Stout,0.071,27,16
2422,Firestarter India Pale Ale,Pale Ale,American IPA,0.066,72,12
2166,Dream Crusher Double IPA,Pale Ale,American Double / Imperial IPA,0.085,100,12
1886,Thrasher Session India Pale Ale,Pale Ale,American IPA,0.045,44,12
1497,Valkyrie Double IPA,Pale Ale,American Double / Imperial IPA,0.092,100,12
1398,Pigwar White India Pale Ale,Pale Ale,American White IPA,0.06,60,16
932,Booyah Farmhouse Ale,Other Ales,Saison / Farmhouse Ale,0.065,20,16
803,Ten Fidy Imperial Stout (2007),Stout & Bitter,Russian Imperial Stout,0.099,98,12
2196,Couch Select Lager,Lager & Pilsener,American Pale Lager,0.05,14,12
1767,Seventh Son Hopped Red Ale,Other Ales,American Amber / Red Ale,0.077,40,16
702,Hot Rod Red,Other Ales,American Amber / Red Ale,0.061,41,12
71,Fat Tire Amber Ale (2008),Other Ales,American Amber / Red Ale,0.052000000000000005,18,12
77,Summer Solstice (2011),Other Ales,Cream Ale,0.055999999999999994,4,12
1338,Old Chico Crystal Wheat,Other Ales,American Pale Wheat Ale,0.048,26,12
1961,Ozark American Pale Ale,Pale Ale,American Pale Ale (APA),0.04,39,12
2404,Hop in the ‘Pool Helles,Lager & Pilsener,American Pilsner,0.049,22,12
1560,Mother in Lager,Lager & Pilsener,Munich Dunkel Lager,0.057999999999999996,25,12
858,Universale Pale Ale,Pale Ale,American Pale Ale (APA),0.055999999999999994,30,12
1086,Four Squared (2015),Other Ales,American Blonde Ale,0.06,50,12
1063,Vanilla Bean Buffalo Sweat,Stout & Bitter,Oatmeal Stout,0.05,20,16
2224,Bohemian Pils,Lager & Pilsener,American Pilsner,0.052000000000000005,30,16
2000,Fistful of Hops Orange,Pale Ale,American IPA,0.063,75,16
2202,312 Urban Pale Ale,Pale Ale,American Pale Ale (APA),0.054000000000000006,30,12
2296,Suzy B Dirty Blonde Ale,Other Ales,American Blonde Ale,0.05,20,12
2115,Point Special Lager,Lager & Pilsener,American Adjunct Lager,0.047,9,16
413,Sky High Rye,Pale Ale,American Pale Ale (APA),0.06,55,12
581,312 Urban Wheat Ale (2012),Other Ales,American Pale Wheat Ale,0.042,20,12
426,Torpedo,Pale Ale,American IPA,0.07200000000000001,65,16
1138,Maduro Brown Ale,Other Ales,English Brown Ale,0.055,25,12
1340,UFO Pumpkin,Other Ales,Pumpkin Ale,0.059000000000000004,20,12
2623,Cafe Leche,Stout & Bitter,American Porter,0.057999999999999996,20,16
91,Steam Engine Lager,Lager & Pilsener,American Amber / Red Lager,0.057,25,12
2510,Honey Badger Blonde,Other Ales,American Blonde Ale,0.047,19,16
1698,Wolf Among Weeds IPA,Pale Ale,American IPA,0.08,70,16
2424,Big Star White IPA,Pale Ale,American White IPA,0.07,70,12
469,Fox Tail Gluten Free Ale,Pale Ale,American Pale Ale (APA),0.05,50,12
546,Jai Alai IPA,Pale Ale,American IPA,0.075,70,12
2587,Vanilla Porter,Stout & Bitter,American Porter,0.07,11,16
1495,Lomaland,Other Ales,Saison / Farmhouse Ale,0.055,30,16
2402,Klickitat Pale Ale,Pale Ale,American Pale Ale (APA),0.053,36,12
1664,Sobek & Set,Other Ales,American Black Ale,0.08,80,16
1220,Longboard Island Lager,Lager & Pilsener,American Amber / Red Lager,0.046,18,16
2014,Operation Homefront,Pale Ale,American IPA,0.062,65,12
1521,Modus Hoperandi,Pale Ale,American IPA,0.068,65,12
2362,2014 IPA Cicada Series,Pale Ale,American IPA,0.075,72,16
1858,Hodad Porter,Stout & Bitter,American Porter,0.055,30,16
1213,Chuli Stout,Stout & Bitter,Irish Dry Stout,0.059000000000000004,55,12
1572,KelSo India Pale Ale,Pale Ale,American IPA,0.06,64,12
2185,Tsunami IPA,Pale Ale,American IPA,0.07200000000000001,75,12
2401,Yellow Wolf Imperial IPA,Pale Ale,American Double / Imperial IPA,0.08199999999999999,103,12
2069,Slow Ride,Pale Ale,American Pale Ale (APA),0.048,35,12
2563,Lee Hill Series Vol. 2 - Wild Saison,Other Ales,American Wild Ale,0.068,24,19.2
2675,Pile of Face,Pale Ale,American IPA,0.06,65,16
35,Montana Trout Slayer Ale (2009),Other Ales,American Pale Wheat Ale,0.05,35,12
1118,Suzy B Dirty Blonde Ale,Other Ales,American Blonde Ale,0.05,20,16
1208,Twisted Helles Summer Lager,Lager & Pilsener,Munich Helles Lager,0.055,18,12
1175,Old Chub,Other Ales,Scottish Ale,0.08,35,12
170,Native Amber (2013),Other Ales,American Amber / Red Ale,0.063,35,16
1903,Let It Ride IPA,Pale Ale,American IPA,0.068,90,12
2634,Nordskye,Pale Ale,American IPA,0.048,47,12
1418,Larry Imperial IPA,Pale Ale,American Double / Imperial IPA,0.085,85,12
1672,Riverwalk Blonde Ale,Other Ales,American Blonde Ale,0.06,25,12
6,GUBNA Imperial IPA,Pale Ale,American Double / Imperial IPA,0.099,100,12
611,834 Happy As Ale,Pale Ale,American Pale Ale (APA),0.046,35,12
1478,CAPT Black IPA,Other Ales,American Black Ale,0.073,55,12
1462,Dead Eye Dunkel,Lager & Pilsener,Munich Dunkel Lager,0.06,15,12
791,Caldera Pale Ale (2010),Pale Ale,American Pale Ale (APA),0.055999999999999994,55,12
21,Pikeland Pils,Lager & Pilsener,German Pilsener,0.049,44,12
852,Sex Panther (2014),Stout & Bitter,American Porter,0.069,20,12
2031,Golden Fleece,Pale Ale,Belgian Pale Ale,0.045,35,12
1322,Green Bullet Organic India Pale Ale,Pale Ale,American IPA,0.07,45,16
1610,Half Cycle IPA,Pale Ale,American IPA,0.06,104,16
1842,Original Slacker Ale,Other Ales,English Brown Ale,0.055999999999999994,40,12
2150,Beyond The Pale IPA,Pale Ale,American IPA,0.063,64,12
2176,Mauna Kea Pale Ale,Pale Ale,American Pale Ale (APA),0.054000000000000006,42,12
119,Full Nelson Pale Ale (2010),Pale Ale,American Pale Ale (APA),0.059000000000000004,60,12
1680,Squatters Hop Rising Double IPA (2014),Pale Ale,American Double / Imperial IPA,0.09,75,12
1729,Gran Met,Pale Ale,Belgian Strong Pale Ale,0.092,25,12
2396,Nonstop Hef Hop,Other Ales,American Pale Wheat Ale,0.039,20,16
658,HUB Lager,Lager & Pilsener,Czech Pilsener,0.051,32,16
1996,Fistful of Hops Green,Pale Ale,American IPA,0.064,75,16
995,Winterfest,Other Ales,American Strong Ale,0.084,90,16
951,Alloy,Pale Ale,American IPA,0.057999999999999996,36,16
2313,Mothman Black IPA,Other Ales,American Black Ale,0.067,71,12
2032,Ballistic Blonde,Pale Ale,Belgian Pale Ale,0.051,31,12
1793,Thunder Ann,Pale Ale,American Pale Ale (APA),0.055,37,12
19,Bitter Brewer,Stout & Bitter,English Bitter,0.04,37,16
1395,Hazed & Infused,Pale Ale,American Pale Ale (APA),0.049,35,12
861,Cane and Ebel,Other Ales,American Strong Ale,0.07,68,12
596,Independence Pass Ale,Pale Ale,American IPA,0.07,67,12
2042,Kadigan,Other Ales,American Blonde Ale,0.055999999999999994,30,12
422,Bengali Tiger (2011),Pale Ale,American IPA,0.064,62,16
391,One Hit Wonder,Pale Ale,American Double / Imperial IPA,0.09,60,12
68,ESB Special Ale,Stout & Bitter,Extra Special / Strong Bitter (ESB),0.057,58,12
1923,Commotion APA,Pale Ale,American Pale Ale (APA),0.052000000000000005,49,12
2199,Hopworks IPA,Pale Ale,American IPA,0.066,75,16
2372,The Green Room,Pale Ale,American IPA,0.06,75,16
357,2012 Black Ale,Other Ales,American Brown Ale,0.054000000000000006,32,12
894,Odyssey Imperial IPA,Pale Ale,American Double / Imperial IPA,0.084,90,12
1261,Bent Paddle Black Ale,Other Ales,American Black Ale,0.06,34,12
2387,Pine Belt Pale Ale,Pale Ale,American Pale Ale (APA),0.065,45,12
1539,Monkey Fist IPA,Pale Ale,American IPA,0.069,65,12
2005,Barrio Blanco,Pale Ale,American IPA,0.06,60,12
540,Big Cock IPA,Pale Ale,American IPA,0.07,70,16
1112,Overrated! West Coast Style IPA,Pale Ale,American IPA,0.073,69,16
1900,Lost Sailor IPA,Pale Ale,English India Pale Ale (IPA),0.055,40,12
455,Bourbon's Barrel Stout,Stout & Bitter,American Stout,0.075,65,16
901,Harvest Ale,Other Ales,Saison / Farmhouse Ale,0.065,35,12
664,Elevated IPA,Pale Ale,American IPA,0.07200000000000001,100,16
2118,Battle LIne,Other Ales,American Brown Ale,0.063,23,12
2389,Nonstop Hef Hop,Other Ales,American Pale Wheat Ale,0.039,20,16
739,Indianapolis Indians Lager,Lager & Pilsener,Dortmunder / Export Lager,0.052000000000000005,24,16
1470,Ananda India Pale Ale,Pale Ale,American IPA,0.062,61,12
1765,Golden Ratio IPA,Pale Ale,American IPA,0.07,68,16
101,Tallgrass IPA,Pale Ale,American IPA,0.063,60,16
38,Caldera Pale Ale (2011),Pale Ale,American Pale Ale (APA),0.055999999999999994,55,12
1938,Almanac IPA,Pale Ale,American IPA,0.062,72,12
711,Over the Rail Pale Ale,Pale Ale,American Pale Ale (APA),0.057,68,12
1249,Duluchan India Pale Ale,Pale Ale,American IPA,0.055999999999999994,70,12
883,CAPT Black IPA,Other Ales,American Black Ale,0.073,55,16
532,Grapefruit Jungle (GFJ) (2011),Pale Ale,American IPA,0.075,77,16
1212,SUM'R,Other Ales,American Blonde Ale,0.04,17,12
938,Gangway IPA,Pale Ale,American IPA,0.062,55,12
115,Ranger IPA (Current),Pale Ale,American IPA,0.065,70,12
1037,Bronx Pale Ale,Pale Ale,American Pale Ale (APA),0.063,50,16
811,Boont Amber Ale (2010),Other Ales,American Amber / Red Ale,0.057999999999999996,15,12
1065,Dale's Pale Ale,Pale Ale,American Pale Ale (APA),0.065,65,12
518,Immersion Amber Ale (2011),Other Ales,American Amber / Red Ale,0.052000000000000005,27,12
36,Caldera IPA,Pale Ale,American IPA,0.061,94,12
